{
  "totalUsers": 1247,
  "totalAssessments": 2340,
  "countries": 47,
  "industries": 12,
  "workerTypes": {
    "sprinter": 42,
    "jogger": 28,
    "ultrarunner": 30
  },
  "leadershipStyles": {
    "visionary": 35,
    "architect": 25,
    "facilitator": 22,
    "executor": 18
  },
  "teamAverages": {
    "trust": 14.2,
    "conflict": 12.8,
    "commitment": 15.1,
    "accountability": 13.5,
    "results": 14.7
  },
  "correlations": {
    "sprinter-executor": 73,
    "jogger-architect": 68,
    "ultrarunner-visionary": 71,
    "visionary-high-trust": 82,
    "executor-high-accountability": 79
  },
  "lastUpdated": "2025-11-21T10:00:00Z",
  "_note": "Stats are aggregated from anonymous assessment data. Update this file weekly or connect to Netlify Function for real-time updates."
}
